-- Insert mock data into chats table
INSERT INTO chats (id, description, name, type) VALUES('379ea606-92b7-46a8-a727-2faa3930f31f', 'chat to demonstrate functionality', 'test-chat', 'GROUP'), ('d1e5f99d-758f-4ebc-8b9d-48cb85b1b153', 'General discussion chat', 'General', 'GROUP'),('a7dbe64d-4a4f-4d5a-b8b9-6205e6e8cfc3', 'Project X team chat', 'Project X', 'GROUP'),('b36c1bcb-fd5c-431e-9cf7-1a4ab6f3d631', 'Announcements channel', 'Announcements', 'CHANNEL'),('c04eacda-2d6e-4f98-bbc2-3fbcad3e81c5', 'Direct message chat', 'Direct Chat', 'DIRECT');
-- Insert mock data into members table
INSERT INTO members (id, description, nickname, connected_at) VALUES('f5ccbd0f-4795-4cf8-8a12-eb356e338b5d', 'Some test chat', 'Nickname', CURRENT_TIMESTAMP),('e0afeb8b-307e-4a4d-a8f4-9c9f5e34b2b3', 'Team lead of Project X', 'Alice', '2024-01-01 10:00:00+00'),('f1d5c833-8e6b-4e8a-8e9a-918b5e3d5b9b', 'Backend developer', 'Bob', '2024-01-01 10:05:00+00'),('d2b7f833-0f6b-4e9a-8f9a-918c5e3d5c9b', 'Frontend developer', 'Charlie', '2024-01-01 10:10:00+00'),('c3a8f833-1e6b-4e9a-9f9a-918d5e3d5d9b', 'DevOps engineer', 'Dave', '2024-01-01 10:15:00+00');
-- Insert mock data into chat_members table
INSERT INTO chat_members (chat_id, member_id, is_admin) VALUES('379ea606-92b7-46a8-a727-2faa3930f31f', 'f5ccbd0f-4795-4cf8-8a12-eb356e338b5d', true), ('d1e5f99d-758f-4ebc-8b9d-48cb85b1b153', 'e0afeb8b-307e-4a4d-a8f4-9c9f5e34b2b3', false),('d1e5f99d-758f-4ebc-8b9d-48cb85b1b153', 'f1d5c833-8e6b-4e8a-8e9a-918b5e3d5b9b', true),('d1e5f99d-758f-4ebc-8b9d-48cb85b1b153', 'd2b7f833-0f6b-4e9a-8f9a-918c5e3d5c9b', false),('a7dbe64d-4a4f-4d5a-b8b9-6205e6e8cfc3', 'e0afeb8b-307e-4a4d-a8f4-9c9f5e34b2b3', true),('a7dbe64d-4a4f-4d5a-b8b9-6205e6e8cfc3', 'f1d5c833-8e6b-4e8a-8e9a-918b5e3d5b9b', false),('b36c1bcb-fd5c-431e-9cf7-1a4ab6f3d631', 'e0afeb8b-307e-4a4d-a8f4-9c9f5e34b2b3', true),('c04eacda-2d6e-4f98-bbc2-3fbcad3e81c5', 'e0afeb8b-307e-4a4d-a8f4-9c9f5e34b2b3', false),('c04eacda-2d6e-4f98-bbc2-3fbcad3e81c5', 'f1d5c833-8e6b-4e8a-8e9a-918b5e3d5b9b', true);
-- Insert mock data into messages table
INSERT INTO messages (id, chat_id, sender_id, content, received_at) VALUES('a1e5f99d-758f-4ebc-8b9d-48cb85b1b111', 'd1e5f99d-758f-4ebc-8b9d-48cb85b1b153', 'e0afeb8b-307e-4a4d-a8f4-9c9f5e34b2b3', 'Hello team!', '2024-01-01 10:30:00+00'),('b2d5c833-8e6b-4e8a-8e9a-918b5e3d5b22', 'd1e5f99d-758f-4ebc-8b9d-48cb85b1b153', 'f1d5c833-8e6b-4e8a-8e9a-918b5e3d5b9b', 'Hi Alice!', '2024-01-01 10:35:00+00'),('c3b7f833-0f6b-4e9a-8f9a-918c5e3d5c33', 'd1e5f99d-758f-4ebc-8b9d-48cb85b1b153', 'd2b7f833-0f6b-4e9a-8f9a-918c5e3d5c9b', 'Good morning everyone!', '2024-01-01 10:40:00+00'),('d4a8f833-1e6b-4e9a-9f9a-918d5e3d5d44', 'a7dbe64d-4a4f-4d5a-b8b9-6205e6e8cfc3', 'e0afeb8b-307e-4a4d-a8f4-9c9f5e34b2b3', 'Project X update: We are on track.', '2024-01-01 10:45:00+00'),('479ea606-91b7-42a8-a727-2faa3730f31f', 'b36c1bcb-fd5c-431e-9cf7-1a4ab6f3d631', 'e0afeb8b-307e-4a4d-a8f4-9c9f5e34b2b3', 'Reminder: Company meeting at 2 PM.', '2024-01-01 10:50:00+00'),('f6d2f99d-758f-4ebc-8b9d-48cb85b1b666', 'c04eacda-2d6e-4f98-bbc2-3fbcad3e81c5', 'e0afeb8b-307e-4a4d-a8f4-9c9f5e34b2b3', 'Hey Bob, how are you?', '2024-01-01 10:55:00+00'),('a7e3c833-8e6b-4e8a-8e9a-918b5e3d5b77', 'c04eacda-2d6e-4f98-bbc2-3fbcad3e81c5', 'f1d5c833-8e6b-4e8a-8e9a-918b5e3d5b9b', 'I am good, Alice. Thanks for asking!', '2024-01-01 11:00:00+00');